[
  {
    "id": "4c6a7e9b-b515-4781-a155-b20ff24d12a3",
    "data": [
      {
        "text": "Kontrolle abgeben",
        "userDefined": false
      }
    ],
    "isTemplate": false,
    "count": 0,
    "updated": 1535640328
  },
  {
    "id": "2991c8c3-1547-4e65-818b-f8e572678a3f",
    "data": [
      {
        "text": "Ich übernehme",
        "userDefined": false
      }
    ],
    "isTemplate": false,
    "count": 0,
    "updated": 1533916050
  },
  {
    "id": "4c77d801-4840-4aa9-9326-5869a88cbf43",
    "data": [
      {
        "text": "Manuelle Steuerung",
        "userDefined": false
      }
    ],
    "isTemplate": false,
    "count": 0,
    "updated": 1533916050
  },
  {
    "id": "e04d386b-106d-4695-94d6-2bd543a2e83b",
    "data": [
      {
        "text": "Kontrolle ",
        "userDefined": false
      },
      {
        "text": "zurück",
        "meta": "@sys.ignore",
        "userDefined": false
      },
      {
        "text": " geben",
        "userDefined": false
      }
    ],
    "isTemplate": false,
    "count": 0,
    "updated": 1533916050
  },
  {
    "id": "50e52adb-f238-4a47-be94-ef6a67b46f16",
    "data": [
      {
        "text": "Lass mich wieder steuern",
        "userDefined": false
      }
    ],
    "isTemplate": false,
    "count": 0,
    "updated": 1533916050
  }
]