[
  {
    "id": "c617cbc5-3383-4f43-a1cc-9e127f67975e",
    "data": [
      {
        "text": "leicht",
        "alias": "Groesseneinheit",
        "meta": "@Groesseneinheit",
        "userDefined": false
      },
      {
        "text": " ",
        "userDefined": false
      },
      {
        "text": "rechts",
        "alias": "MoveDirection",
        "meta": "@MoveDirection",
        "userDefined": false
      }
    ],
    "isTemplate": false,
    "count": 0,
    "updated": 1536869587
  },
  {
    "id": "005ea30d-cb4b-4ec1-8c52-94cf1cc60f61",
    "data": [
      {
        "text": "stark",
        "alias": "Groesseneinheit",
        "meta": "@Groesseneinheit",
        "userDefined": false
      },
      {
        "text": " ",
        "userDefined": false
      },
      {
        "text": "links",
        "alias": "MoveDirection",
        "meta": "@MoveDirection",
        "userDefined": false
      },
      {
        "text": " fahren",
        "userDefined": false
      }
    ],
    "isTemplate": false,
    "count": 0,
    "updated": 1536869587
  },
  {
    "id": "88072374-3880-436a-bc38-bd12e00f6c74",
    "data": [
      {
        "text": "links",
        "alias": "MoveDirection",
        "meta": "@MoveDirection",
        "userDefined": false
      },
      {
        "text": " lenken",
        "userDefined": false
      }
    ],
    "isTemplate": false,
    "count": 0,
    "updated": 1536869587
  },
  {
    "id": "fd2f8cdd-e5d9-4fc2-8006-b58c55c56d99",
    "data": [
      {
        "text": "rechts",
        "alias": "MoveDirection",
        "meta": "@MoveDirection",
        "userDefined": false
      }
    ],
    "isTemplate": false,
    "count": 0,
    "updated": 1536869587
  }
]