[
  {
    "id": "8e3971d1-055e-47ce-bdec-820ee42dec21",
    "data": [
      {
        "text": "Gib mir die Kontrolle",
        "userDefined": false
      }
    ],
    "isTemplate": false,
    "count": 0,
    "updated": 1536574212
  },
  {
    "id": "5f3b273d-aef6-419c-82d8-2b584ff81adc",
    "data": [
      {
        "text": "Lass mich ",
        "userDefined": false
      },
      {
        "text": "jetzt",
        "meta": "@sys.ignore",
        "userDefined": false
      },
      {
        "text": " wieder fahren",
        "userDefined": false
      }
    ],
    "isTemplate": false,
    "count": 0,
    "updated": 1536574212
  },
  {
    "id": "ae4a56e8-af06-4cf2-9147-84048e375197",
    "data": [
      {
        "text": "Gib mir die Fahrzeug Kontrolle",
        "userDefined": false
      }
    ],
    "isTemplate": false,
    "count": 1,
    "updated": 1536574212
  },
  {
    "id": "de4e8ea3-9f70-4227-8f26-364b9e426aee",
    "data": [
      {
        "text": "Lass mich wieder fahren",
        "userDefined": false
      }
    ],
    "isTemplate": false,
    "count": 0,
    "updated": 1533913078
  },
  {
    "id": "a36299fe-1094-4e8d-85b9-89bae211f557",
    "data": [
      {
        "text": "auf manuelle Fahrzeugkontrolle umschalten",
        "userDefined": false
      }
    ],
    "isTemplate": false,
    "count": 0,
    "updated": 1533913078
  },
  {
    "id": "59212094-1b7f-41eb-878a-c2b09dbd7430",
    "data": [
      {
        "text": "Gib mir die Fahrzeugkontrolle ",
        "userDefined": false
      },
      {
        "text": "zurück",
        "meta": "@sys.ignore",
        "userDefined": false
      }
    ],
    "isTemplate": false,
    "count": 0,
    "updated": 1533913078
  },
  {
    "id": "5db85a17-dada-423b-a227-f3228caf0f7b",
    "data": [
      {
        "text": "Ich fahre ",
        "userDefined": false
      },
      {
        "text": "jetzt",
        "meta": "@sys.ignore",
        "userDefined": false
      }
    ],
    "isTemplate": false,
    "count": 0,
    "updated": 1533913078
  },
  {
    "id": "802a2419-1b74-4856-82b5-3834c67624e7",
    "data": [
      {
        "text": "manuelle Fahrzeugkontrolle",
        "userDefined": false
      }
    ],
    "isTemplate": false,
    "count": 0,
    "updated": 1533913078
  }
]