[
  {
    "id": "a8edfd79-6d27-4b3f-8084-a338cf3052df",
    "data": [
      {
        "text": "Balanciere den Teller",
        "userDefined": false
      }
    ],
    "isTemplate": false,
    "count": 0,
    "updated": 1533914981
  },
  {
    "id": "11c87354-4391-4f0e-8eaa-1ecae90cc996",
    "data": [
      {
        "text": "Übernimm die Teller Steuerung",
        "userDefined": false
      }
    ],
    "isTemplate": false,
    "count": 0,
    "updated": 1533914981
  },
  {
    "id": "b7bd1f97-28af-46c4-98aa-cc202a1835b6",
    "data": [
      {
        "text": "Du musst den Teller steuern",
        "userDefined": false
      }
    ],
    "isTemplate": false,
    "count": 0,
    "updated": 1533914981
  },
  {
    "id": "daf4349a-56d3-4324-bc03-a24629711f68",
    "data": [
      {
        "text": "Lenke den Teller",
        "userDefined": false
      }
    ],
    "isTemplate": false,
    "count": 0,
    "updated": 1533914981
  },
  {
    "id": "915bc6a0-5e6c-4ff2-865d-203b60b17426",
    "data": [
      {
        "text": "Tellersteuerung übernehmen",
        "userDefined": false
      }
    ],
    "isTemplate": false,
    "count": 0,
    "updated": 1533914981
  },
  {
    "id": "7741cde5-bb39-4c50-8204-b564ce0f8fc7",
    "data": [
      {
        "text": "Steuere den Teller",
        "userDefined": false
      }
    ],
    "isTemplate": false,
    "count": 0,
    "updated": 1533914981
  }
]