[
  {
    "id": "afd4b432-9dbb-48c2-806c-52f61dafa3ae",
    "data": [
      {
        "text": "Übernimm die Fahrzeug Kontrolle",
        "userDefined": false
      }
    ],
    "isTemplate": false,
    "count": 0,
    "updated": 1536739059
  },
  {
    "id": "69f990ad-b975-417a-a4fb-da13d30ddf2d",
    "data": [
      {
        "text": "Übernimm die Fahrzeugkontrolle",
        "userDefined": false
      }
    ],
    "isTemplate": false,
    "count": 0,
    "updated": 1536739059
  },
  {
    "id": "ebaab5d3-61b0-4226-95cf-d4879e38c59c",
    "data": [
      {
        "text": "Lenke das Auto",
        "userDefined": false
      }
    ],
    "isTemplate": false,
    "count": 0,
    "updated": 1536662163
  },
  {
    "id": "c9d8176c-d4ad-48d8-9bae-e3123c8822a2",
    "data": [
      {
        "text": "Übernimm die Auto Kontrolle",
        "userDefined": false
      }
    ],
    "isTemplate": false,
    "count": 0,
    "updated": 1536662163
  },
  {
    "id": "83511b32-49b2-40b0-981f-60158105ff20",
    "data": [
      {
        "text": "Übernimm die Kontrolle über das Auto",
        "userDefined": false
      }
    ],
    "isTemplate": false,
    "count": 0,
    "updated": 1536662163
  }
]