[
  {
    "id": "fa877044-8116-4571-9521-61642f17a10a",
    "data": [
      {
        "text": "Bitte ",
        "userDefined": false
      },
      {
        "text": "bremsen",
        "alias": "MoveDirection",
        "meta": "@SpeedModification",
        "userDefined": false
      }
    ],
    "isTemplate": false,
    "count": 0,
    "updated": 1536850966
  },
  {
    "id": "03d4c8a8-a5bc-413a-bcf0-16fbb15c53e5",
    "data": [
      {
        "text": "Bremsen",
        "alias": "MoveDirection",
        "meta": "@SpeedModification",
        "userDefined": false
      }
    ],
    "isTemplate": false,
    "count": 0,
    "updated": 1536850966
  },
  {
    "id": "8d89fe43-ef8a-4ed9-9ef5-93728839dfcc",
    "data": [
      {
        "text": "Bremse",
        "userDefined": false
      }
    ],
    "isTemplate": false,
    "count": 0,
    "updated": 1536850595
  },
  {
    "id": "a3833fe9-110a-48fa-b18a-0520afa2c3ac",
    "data": [
      {
        "text": "Viel",
        "alias": "Groesseneinheit",
        "meta": "@Groesseneinheit",
        "userDefined": false
      },
      {
        "text": " ",
        "userDefined": false
      },
      {
        "text": "Langsamer",
        "alias": "MoveDirection",
        "meta": "@SpeedModification",
        "userDefined": false
      }
    ],
    "isTemplate": false,
    "count": 0,
    "updated": 1536850966
  },
  {
    "id": "96ea65b2-2c85-46cd-8904-85c3b3d246d6",
    "data": [
      {
        "text": "Fahre ",
        "userDefined": false
      },
      {
        "text": "schneller",
        "alias": "MoveDirection",
        "meta": "@SpeedModification",
        "userDefined": false
      }
    ],
    "isTemplate": false,
    "count": 0,
    "updated": 1536850966
  },
  {
    "id": "65d8cca6-975c-41e3-b9b9-3518b00308e5",
    "data": [
      {
        "text": "viel",
        "alias": "Groesseneinheit",
        "meta": "@Groesseneinheit",
        "userDefined": false
      },
      {
        "text": " ",
        "userDefined": false
      },
      {
        "text": "schneller",
        "alias": "MoveDirection",
        "meta": "@SpeedModification",
        "userDefined": false
      }
    ],
    "isTemplate": false,
    "count": 0,
    "updated": 1536850966
  }
]