[
  {
    "id": "c209243a-f9f9-4520-a768-1b5f766b8b31",
    "data": [
      {
        "text": "schließen",
        "userDefined": false
      }
    ],
    "isTemplate": false,
    "count": 2,
    "updated": 1532090542
  },
  {
    "id": "f32626a8-5ebb-475a-bf4b-1ef4299a2f16",
    "data": [
      {
        "text": "abbrechen",
        "userDefined": false
      }
    ],
    "isTemplate": false,
    "count": 0,
    "updated": 1532090542
  },
  {
    "id": "c924727d-3984-4b5a-8cfe-b513ede4ce4c",
    "data": [
      {
        "text": "schon gut",
        "userDefined": false
      }
    ],
    "isTemplate": false,
    "count": 0,
    "updated": 1532090542
  },
  {
    "id": "a29fba1d-42a8-44bb-8e09-a41733aa785e",
    "data": [
      {
        "text": "anhalten",
        "userDefined": false
      }
    ],
    "isTemplate": false,
    "count": 3,
    "updated": 1532090542
  },
  {
    "id": "43ce44df-a438-4005-940f-6a0a3814a067",
    "data": [
      {
        "text": "brich ab",
        "userDefined": false
      }
    ],
    "isTemplate": false,
    "count": 0,
    "updated": 1532090542
  },
  {
    "id": "f147c28f-c65c-43b8-9a01-933d751df3e9",
    "data": [
      {
        "text": "vergiss es",
        "userDefined": false
      }
    ],
    "isTemplate": false,
    "count": 0,
    "updated": 1532090542
  },
  {
    "id": "1d49513f-707e-48ca-9420-4494beebbac5",
    "data": [
      {
        "text": "stoppen",
        "userDefined": false
      }
    ],
    "isTemplate": false,
    "count": 2,
    "updated": 1532090542
  },
  {
    "id": "4d1b1c4a-82d0-42c2-83f5-daae2b063288",
    "data": [
      {
        "text": "nichts tun",
        "userDefined": false
      }
    ],
    "isTemplate": false,
    "count": 1,
    "updated": 1532090542
  },
  {
    "id": "e73fed72-f5d6-4864-9e61-27ed534eaf4f",
    "data": [
      {
        "text": "hat sich erledigt",
        "userDefined": false
      }
    ],
    "isTemplate": false,
    "count": 2,
    "updated": 1532090542
  },
  {
    "id": "0b57facc-afef-476d-bb43-b2bddf8e81bb",
    "data": [
      {
        "text": "überspringen",
        "userDefined": false
      }
    ],
    "isTemplate": false,
    "count": 0,
    "updated": 1532090542
  }
]