[
  {
    "id": "8a0488a2-9115-4759-9a6e-6a6eeffde829",
    "data": [
      {
        "text": "Training neu starten",
        "userDefined": false
      }
    ],
    "isTemplate": false,
    "count": 0,
    "updated": 1531394306
  },
  {
    "id": "f2e02cfe-af4a-4e04-ba71-25cebe2aa0d9",
    "data": [
      {
        "text": "Neu starten",
        "userDefined": false
      }
    ],
    "isTemplate": false,
    "count": 0,
    "updated": 1531394306
  },
  {
    "id": "f56a4133-969f-40ce-ac41-39af73d0ce98",
    "data": [
      {
        "text": "Neustarten",
        "userDefined": false
      }
    ],
    "isTemplate": false,
    "count": 0,
    "updated": 1531394306
  },
  {
    "id": "7e96a1e3-1a70-47cb-890b-d0e0622186c3",
    "data": [
      {
        "text": "Ich möchte nochmal von ",
        "userDefined": false
      },
      {
        "text": "vorne",
        "meta": "@sys.ignore",
        "userDefined": false
      },
      {
        "text": " beginnen",
        "userDefined": false
      }
    ],
    "isTemplate": false,
    "count": 0,
    "updated": 1531394306
  },
  {
    "id": "7140500c-5e78-4604-996c-341378e0b0fb",
    "data": [
      {
        "text": "Starte das Training neu",
        "userDefined": false
      }
    ],
    "isTemplate": false,
    "count": 0,
    "updated": 1531394306
  }
]