[
  {
    "id": "e398b9f4-16b8-4a84-9121-98ec3c4bf32e",
    "data": [
      {
        "text": "kein Interesse",
        "userDefined": false
      }
    ],
    "isTemplate": false,
    "count": 1,
    "updated": 1531221867
  },
  {
    "id": "7f14b3c9-6231-43f1-ac43-8a9623d25ad1",
    "data": [
      {
        "text": "das möchte ich nicht",
        "userDefined": false
      }
    ],
    "isTemplate": false,
    "count": 1,
    "updated": 1531221867
  },
  {
    "id": "63faed6c-943b-4140-a1b5-65c4a7b4220c",
    "data": [
      {
        "text": "mach das nicht",
        "userDefined": false
      }
    ],
    "isTemplate": false,
    "count": 0,
    "updated": 1531221867
  },
  {
    "id": "c9a2e303-43e1-4e73-ba63-de49bbbbfb2a",
    "data": [
      {
        "text": "nein danke",
        "userDefined": false
      }
    ],
    "isTemplate": false,
    "count": 1,
    "updated": 1531221867
  },
  {
    "id": "42e6be58-e16e-44b5-ab7d-0d55ded30ec8",
    "data": [
      {
        "text": "nein",
        "userDefined": false
      }
    ],
    "isTemplate": false,
    "count": 4,
    "updated": 1531221867
  },
  {
    "id": "e541773f-38dc-4fa4-8f32-028ebcc33bd2",
    "data": [
      {
        "text": "ich denke nicht",
        "userDefined": false
      }
    ],
    "isTemplate": false,
    "count": 0,
    "updated": 1531221867
  },
  {
    "id": "5e8ee5fa-3d6e-4dad-83c9-a0c8f29a74f9",
    "data": [
      {
        "text": "eigentlich nicht",
        "userDefined": false
      }
    ],
    "isTemplate": false,
    "count": 0,
    "updated": 1531221867
  },
  {
    "id": "b411210b-57f0-4299-9936-a5147df39672",
    "data": [
      {
        "text": "ich bin nicht einverstanden",
        "userDefined": false
      }
    ],
    "isTemplate": false,
    "count": 1,
    "updated": 1531221867
  },
  {
    "id": "5a143f2a-0a0b-4c1e-9fb2-09a75703e7b8",
    "data": [
      {
        "text": "auf keinen Fall",
        "userDefined": false
      }
    ],
    "isTemplate": false,
    "count": 1,
    "updated": 1531221867
  }
]