[
  {
    "id": "1bdeadf3-6e07-482f-9430-d143509846da",
    "data": [
      {
        "text": "mach das",
        "userDefined": false
      }
    ],
    "isTemplate": false,
    "count": 0,
    "updated": 1531311660
  },
  {
    "id": "0bfa5447-8bc9-44e8-8173-6b0c7aa28d61",
    "data": [
      {
        "text": "ja",
        "userDefined": false
      }
    ],
    "isTemplate": false,
    "count": 2,
    "updated": 1531311660
  },
  {
    "id": "b508ffab-7613-4838-8e4e-90f5c176f01f",
    "data": [
      {
        "text": "natürlich",
        "userDefined": false
      }
    ],
    "isTemplate": false,
    "count": 1,
    "updated": 1531311660
  },
  {
    "id": "e23a278c-3ad8-43d8-b1ea-7cdf795b23d7",
    "data": [
      {
        "text": "bestätigen",
        "userDefined": false
      }
    ],
    "isTemplate": false,
    "count": 0,
    "updated": 1531311660
  },
  {
    "id": "5ab55237-d5e8-4e50-ad8c-30ac98d53604",
    "data": [
      {
        "text": "klingt gut",
        "userDefined": false
      }
    ],
    "isTemplate": false,
    "count": 0,
    "updated": 1531311660
  },
  {
    "id": "5f54fa0a-aec0-4289-ad29-5957ea1fcfeb",
    "data": [
      {
        "text": "ist mir egal",
        "userDefined": false
      }
    ],
    "isTemplate": false,
    "count": 1,
    "updated": 1531311660
  },
  {
    "id": "6a006696-1ecb-44cc-97e0-57a49b1af234",
    "data": [
      {
        "text": "genau",
        "userDefined": false
      }
    ],
    "isTemplate": false,
    "count": 2,
    "updated": 1531311660
  },
  {
    "id": "12adc350-3f5e-4008-bbb5-d9ac29e2a4b8",
    "data": [
      {
        "text": "klar",
        "userDefined": false
      }
    ],
    "isTemplate": false,
    "count": 1,
    "updated": 1531311660
  },
  {
    "id": "c744b3f4-5069-4236-9362-cf8a2265d4b2",
    "data": [
      {
        "text": "das ist richtig",
        "userDefined": false
      }
    ],
    "isTemplate": false,
    "count": 1,
    "updated": 1531311660
  },
  {
    "id": "3020d7d2-5110-47f6-a350-fc69aeeebc54",
    "data": [
      {
        "text": "einverstanden",
        "userDefined": false
      }
    ],
    "isTemplate": false,
    "count": 0,
    "updated": 1531311660
  }
]