[
  {
    "id": "2299c2c5-c695-40c1-85b2-ec84e6952803",
    "data": [
      {
        "text": "schließen",
        "userDefined": false
      }
    ],
    "isTemplate": false,
    "count": 2,
    "updated": 1497436133
  },
  {
    "id": "b54a9931-e4c5-4cac-95b6-241ca6220c22",
    "data": [
      {
        "text": "abbrechen",
        "userDefined": false
      }
    ],
    "isTemplate": false,
    "count": 0,
    "updated": 1497436133
  },
  {
    "id": "2cd23d29-fd28-4ceb-9292-fac0c0aa7aeb",
    "data": [
      {
        "text": "schon gut",
        "userDefined": false
      }
    ],
    "isTemplate": false,
    "count": 0,
    "updated": 1497436133
  },
  {
    "id": "c0a05b2c-8921-4774-af98-b98b5d3a2d0f",
    "data": [
      {
        "text": "anhalten",
        "userDefined": false
      }
    ],
    "isTemplate": false,
    "count": 3,
    "updated": 1497436133
  },
  {
    "id": "4e50de86-2772-4d75-b43b-945bf8496614",
    "data": [
      {
        "text": "brich ab",
        "userDefined": false
      }
    ],
    "isTemplate": false,
    "count": 0,
    "updated": 1497436133
  },
  {
    "id": "24455d62-0d7a-4bb9-9f9a-b97b263b5809",
    "data": [
      {
        "text": "vergiss es",
        "userDefined": false
      }
    ],
    "isTemplate": false,
    "count": 0,
    "updated": 1497436133
  },
  {
    "id": "50c338c3-e6b5-41f9-acda-fb89ed0fc34c",
    "data": [
      {
        "text": "stoppen",
        "userDefined": false
      }
    ],
    "isTemplate": false,
    "count": 2,
    "updated": 1497436133
  },
  {
    "id": "c77c0c73-4a5c-49c0-800f-056a6c89cef4",
    "data": [
      {
        "text": "nichts tun",
        "userDefined": false
      }
    ],
    "isTemplate": false,
    "count": 1,
    "updated": 1497436133
  },
  {
    "id": "85ef0a34-de37-4a19-a4e3-fbebdd64dd38",
    "data": [
      {
        "text": "hat sich erledigt",
        "userDefined": false
      }
    ],
    "isTemplate": false,
    "count": 2,
    "updated": 1497436133
  },
  {
    "id": "5fe990a0-f654-437b-9d4e-2b3fa6f2fb60",
    "data": [
      {
        "text": "überspringen",
        "userDefined": false
      }
    ],
    "isTemplate": false,
    "count": 0,
    "updated": 1497436133
  }
]