[
  {
    "id": "37de1eda-a3e2-4702-bf55-5e393569ce38",
    "data": [
      {
        "text": "Navigationshilfe anfordern",
        "userDefined": false
      }
    ],
    "isTemplate": false,
    "count": 0,
    "updated": 1536756160
  },
  {
    "id": "a38a17a4-c4ca-42d9-b640-e3a103ec29bd",
    "data": [
      {
        "text": "Kategorie ",
        "userDefined": false
      },
      {
        "text": "Navigation",
        "meta": "@sys.ignore",
        "userDefined": false
      }
    ],
    "isTemplate": false,
    "count": 0,
    "updated": 1536756160
  },
  {
    "id": "eabb89dd-aa75-4822-aee7-7b2cf6e19eeb",
    "data": [
      {
        "text": "Navigationshilfe",
        "userDefined": false
      }
    ],
    "isTemplate": false,
    "count": 0,
    "updated": 1536756160
  },
  {
    "id": "3f02a8df-0682-413b-acf9-b17bd95ed27d",
    "data": [
      {
        "text": "Navigation",
        "meta": "@sys.ignore",
        "userDefined": false
      }
    ],
    "isTemplate": false,
    "count": 0,
    "updated": 1536756160
  },
  {
    "id": "a66fbe4e-9f0e-4dee-94c4-d099af757d14",
    "data": [
      {
        "text": "Hilf mir beim Navigieren",
        "userDefined": false
      }
    ],
    "isTemplate": false,
    "count": 0,
    "updated": 1536756160
  }
]