[
  {
    "id": "24140576-6cfd-4df9-b898-bd875113df8f",
    "data": [
      {
        "text": "Hilf mir beim trainieren",
        "userDefined": false
      }
    ],
    "isTemplate": false,
    "count": 0,
    "updated": 1536875515
  },
  {
    "id": "02124a5c-1e1d-4d49-89ab-6701c4125c1e",
    "data": [
      {
        "text": "Wie funktioniert das Training?",
        "userDefined": false
      }
    ],
    "isTemplate": false,
    "count": 0,
    "updated": 1536853746
  },
  {
    "id": "dbd8a9ad-c8a5-421a-9d89-9bf3d0e96c63",
    "data": [
      {
        "text": "Trainingshilfe anfordern",
        "userDefined": false
      }
    ],
    "isTemplate": false,
    "count": 0,
    "updated": 1536853746
  },
  {
    "id": "69991041-40bc-4c39-ad5e-89b22076e618",
    "data": [
      {
        "text": "Trainingserstellungs Hilfe",
        "userDefined": false
      }
    ],
    "isTemplate": false,
    "count": 0,
    "updated": 1536853746
  },
  {
    "id": "a63eadc7-04af-4355-b711-22321e54ec27",
    "data": [
      {
        "text": "Hilf mir beim Training",
        "userDefined": false
      }
    ],
    "isTemplate": false,
    "count": 0,
    "updated": 1536853746
  }
]