[
  {
    "id": "99b2c8d5-6db6-4c99-a5fe-55335da02d9e",
    "data": [
      {
        "text": "Ich brauche Hilfe in der Kategorie Fahren.",
        "userDefined": false
      }
    ],
    "isTemplate": false,
    "count": 0,
    "updated": 1536876145
  },
  {
    "id": "a9f0e328-d8fd-4bda-a7b6-a5ceef66c666",
    "data": [
      {
        "text": "Kannst du mir beim Fahren helfen?",
        "userDefined": false
      }
    ],
    "isTemplate": false,
    "count": 0,
    "updated": 1536876145
  },
  {
    "id": "0d2ec078-1ad9-4096-ad81-01fd7e985173",
    "data": [
      {
        "text": "Hilfe fürs Fahren anfordern",
        "userDefined": false
      }
    ],
    "isTemplate": false,
    "count": 0,
    "updated": 1536876145
  },
  {
    "id": "a4b2ed03-3bb8-46fa-90e2-fe57b0e31d24",
    "data": [
      {
        "text": "Wie kannst du mir beim Fahren helfen",
        "userDefined": false
      }
    ],
    "isTemplate": false,
    "count": 0,
    "updated": 1536876145
  },
  {
    "id": "052042b3-1326-411e-9d98-4c647a4bbb8b",
    "data": [
      {
        "text": "Hilf mir beim Fahren",
        "userDefined": false
      }
    ],
    "isTemplate": false,
    "count": 0,
    "updated": 1536876145
  }
]