[
  {
    "id": "dff3e8f2-e7ec-4710-b0ae-75f71782b813",
    "data": [
      {
        "text": "Hilf mir bitte",
        "userDefined": false
      }
    ],
    "isTemplate": false,
    "count": 0,
    "updated": 1536875570
  },
  {
    "id": "6c7b55a2-a457-472f-9c17-511ba3d066bb",
    "data": [
      {
        "text": "Hilfe anfordern",
        "userDefined": false
      }
    ],
    "isTemplate": false,
    "count": 0,
    "updated": 1536875570
  },
  {
    "id": "8bf8ad0d-b2f5-4ea4-8eb7-2f1c1deb61da",
    "data": [
      {
        "text": "Wobei kannst du mir helfen",
        "userDefined": false
      }
    ],
    "isTemplate": false,
    "count": 0,
    "updated": 1536875570
  },
  {
    "id": "06369800-c241-4be6-baf5-01c4b474453a",
    "data": [
      {
        "text": "Was kann ich tun",
        "userDefined": false
      }
    ],
    "isTemplate": false,
    "count": 0,
    "updated": 1536875570
  },
  {
    "id": "58cf3df3-77c5-4d88-8aaf-7a4075322063",
    "data": [
      {
        "text": "Hilfe",
        "userDefined": false
      }
    ],
    "isTemplate": false,
    "count": 0,
    "updated": 1536755790
  },
  {
    "id": "7d980a7f-3ae2-4718-9221-221c6704c058",
    "data": [
      {
        "text": "WIe kannst du mir helfen?",
        "userDefined": false
      }
    ],
    "isTemplate": false,
    "count": 0,
    "updated": 1536755790
  },
  {
    "id": "4b1dde00-783c-460a-93c1-deedbe55d32a",
    "data": [
      {
        "text": "Was kannst du?",
        "userDefined": false
      }
    ],
    "isTemplate": false,
    "count": 0,
    "updated": 1536755790
  }
]