[
  {
    "id": "826f8e5e-5646-4199-8d33-a75be8751c9c",
    "data": [
      {
        "text": "Hilf mir beim Navigieren",
        "userDefined": false
      }
    ],
    "isTemplate": false,
    "count": 0,
    "updated": 1536757408
  },
  {
    "id": "0ab1ad8c-8d39-4057-ba4a-bb6e0c21beae",
    "data": [
      {
        "text": "Navigation",
        "meta": "@sys.ignore",
        "userDefined": false
      }
    ],
    "isTemplate": false,
    "count": 0,
    "updated": 1536757408
  },
  {
    "id": "95fb9cc1-9120-4274-8348-d0a8c0d3ba39",
    "data": [
      {
        "text": "Navigationshilfe",
        "userDefined": false
      }
    ],
    "isTemplate": false,
    "count": 0,
    "updated": 1536757408
  },
  {
    "id": "8e73a841-f381-481c-9082-bbd71fefaec7",
    "data": [
      {
        "text": "Kategorie ",
        "userDefined": false
      },
      {
        "text": "Navigation",
        "meta": "@sys.ignore",
        "userDefined": false
      }
    ],
    "isTemplate": false,
    "count": 0,
    "updated": 1536757408
  },
  {
    "id": "dc2ea9ce-0e2b-48ff-8894-a03ed2ff8119",
    "data": [
      {
        "text": "Navigationshilfe anfordern",
        "userDefined": false
      }
    ],
    "isTemplate": false,
    "count": 0,
    "updated": 1536757408
  }
]