[
  {
    "id": "02d40720-75ab-470a-acb8-9a98753c1cd3",
    "data": [
      {
        "text": "Hilf mir beim Fahren",
        "userDefined": false
      }
    ],
    "isTemplate": false,
    "count": 1,
    "updated": 1536880053
  },
  {
    "id": "0424fdf0-0a0c-4ad7-beea-29456de035d8",
    "data": [
      {
        "text": "Wie kannst du mir beim Fahren helfen?",
        "userDefined": false
      }
    ],
    "isTemplate": false,
    "count": 0,
    "updated": 1536880053
  },
  {
    "id": "b64565c3-bd22-4d10-ae31-b553e3408ab1",
    "data": [
      {
        "text": " Hilfe fürs Fahren anfordern",
        "userDefined": false
      }
    ],
    "isTemplate": false,
    "count": 0,
    "updated": 1536880053
  },
  {
    "id": "2a404de1-7362-4f8a-bd40-757cc0757a04",
    "data": [
      {
        "text": "Kannst du mir beim Fahren helfen?",
        "userDefined": false
      }
    ],
    "isTemplate": false,
    "count": 0,
    "updated": 1536880053
  },
  {
    "id": "d6ebdd71-b3af-48f6-a7f3-a226a82b2463",
    "data": [
      {
        "text": "Ich brauche Hilfe in der Kategorie Fahren",
        "userDefined": false
      }
    ],
    "isTemplate": false,
    "count": 0,
    "updated": 1536880053
  }
]