[
  {
    "id": "af70554b-94b7-4170-b418-df537ea7ee3b",
    "data": [
      {
        "text": "Lass mich weiterspielen",
        "userDefined": false
      }
    ],
    "isTemplate": false,
    "count": 0,
    "updated": 1536912269
  },
  {
    "id": "50da0bfd-f10a-443c-ad99-c864360c45cb",
    "data": [
      {
        "text": "Ich möchte weiterspielen",
        "userDefined": false
      }
    ],
    "isTemplate": false,
    "count": 0,
    "updated": 1536912269
  },
  {
    "id": "9281b127-74a7-46c4-8fb6-7466b716a0d6",
    "data": [
      {
        "text": "Weiterspielen",
        "userDefined": false
      }
    ],
    "isTemplate": false,
    "count": 0,
    "updated": 1536912269
  },
  {
    "id": "fa46f74c-2279-494c-908d-f5646f5a4f87",
    "data": [
      {
        "text": "Pause Menu verlassen",
        "userDefined": false
      }
    ],
    "isTemplate": false,
    "count": 0,
    "updated": 1536912269
  },
  {
    "id": "688a89c1-72c8-4623-98d1-ba7bcfe6f228",
    "data": [
      {
        "text": "Verlasse das Pause Menu",
        "userDefined": false
      }
    ],
    "isTemplate": false,
    "count": 0,
    "updated": 1536912269
  },
  {
    "id": "9f771f9a-ea31-4b42-af08-9fc20dc7fb31",
    "data": [
      {
        "text": "Spiel fortsetzen",
        "userDefined": false
      }
    ],
    "isTemplate": false,
    "count": 0,
    "updated": 1536912269
  }
]