[
  {
    "id": "a2c9e2e1-0a52-40e6-a36e-c829327c4254",
    "data": [
      {
        "text": "Kannst du das Spiel bitte beenden?",
        "userDefined": false
      }
    ],
    "isTemplate": false,
    "count": 0,
    "updated": 1536912333
  },
  {
    "id": "c6db91c2-fbc8-474a-9e85-00ccb7b304ea",
    "data": [
      {
        "text": "Beende das Spiel",
        "userDefined": false
      }
    ],
    "isTemplate": false,
    "count": 0,
    "updated": 1536912333
  },
  {
    "id": "de8cefc8-815b-4ad0-82ba-10c9515d8730",
    "data": [
      {
        "text": "Spiel beenden",
        "userDefined": false
      }
    ],
    "isTemplate": false,
    "count": 0,
    "updated": 1536912333
  },
  {
    "id": "b5fdcdcf-3fa6-442e-b3f1-76c3f0c20980",
    "data": [
      {
        "text": "Beenden",
        "userDefined": false
      }
    ],
    "isTemplate": false,
    "count": 0,
    "updated": 1536912333
  },
  {
    "id": "41652342-788c-4bee-8b5c-acfc744583de",
    "data": [
      {
        "text": "Verlasse das Spiel",
        "userDefined": false
      }
    ],
    "isTemplate": false,
    "count": 0,
    "updated": 1536912333
  },
  {
    "id": "4ac0ad72-70bb-4f22-a929-2bb11b4e7a73",
    "data": [
      {
        "text": "Spiel verlassen",
        "userDefined": false
      }
    ],
    "isTemplate": false,
    "count": 0,
    "updated": 1536912333
  }
]