[
  {
    "id": "b7b630be-13f6-4504-853a-8bd42d91226a",
    "data": [
      {
        "text": "Hä?",
        "userDefined": false
      }
    ],
    "isTemplate": false,
    "count": 0,
    "updated": 1536590708
  },
  {
    "id": "541abb9a-af22-4231-b200-6c188ca8f8dd",
    "data": [
      {
        "text": "Wiederhole deine letzte Antwort",
        "userDefined": false
      }
    ],
    "isTemplate": false,
    "count": 0,
    "updated": 1536590708
  },
  {
    "id": "9139bf0b-46e7-4cc2-abee-e7fc63ebd74d",
    "data": [
      {
        "text": "Sag das nochmal",
        "userDefined": false
      }
    ],
    "isTemplate": false,
    "count": 0,
    "updated": 1536590708
  },
  {
    "id": "c72f0aef-02fb-4a9d-9a50-f7511bca901f",
    "data": [
      {
        "text": "Was hast du gesagt?",
        "userDefined": false
      }
    ],
    "isTemplate": false,
    "count": 0,
    "updated": 1536590708
  },
  {
    "id": "7f6368f3-ed17-4256-851d-7fddff5f4fd7",
    "data": [
      {
        "text": "Kannst du das nochmal wiederholen?",
        "userDefined": false
      }
    ],
    "isTemplate": false,
    "count": 0,
    "updated": 1536590708
  },
  {
    "id": "e69e31f1-50e6-4273-bcc5-282e91fa7f0e",
    "data": [
      {
        "text": "Wie bitte?",
        "userDefined": false
      }
    ],
    "isTemplate": false,
    "count": 0,
    "updated": 1536590708
  }
]