[
  {
    "id": "46df0aa0-8e98-487e-9f5c-34b63ff617a5",
    "data": [
      {
        "text": "Spiel pausieren",
        "userDefined": false
      }
    ],
    "isTemplate": false,
    "count": 0,
    "updated": 1536912184
  },
  {
    "id": "85c3154e-f1d2-48a1-9ef4-a3d60184ee5e",
    "data": [
      {
        "text": "Spiel ",
        "userDefined": false
      },
      {
        "text": "anhalten",
        "meta": "@sys.ignore",
        "userDefined": false
      }
    ],
    "isTemplate": false,
    "count": 0,
    "updated": 1536912184
  },
  {
    "id": "0166e2a9-9f4c-41cf-9578-b24b58b4c2f3",
    "data": [
      {
        "text": "Pipi Pause",
        "userDefined": false
      }
    ],
    "isTemplate": false,
    "count": 0,
    "updated": 1536912184
  },
  {
    "id": "37fbd838-7aca-4041-aff7-a8124f076df6",
    "data": [
      {
        "text": "Pause",
        "userDefined": false
      }
    ],
    "isTemplate": false,
    "count": 0,
    "updated": 1536912184
  }
]