[
  {
    "id": "10124fda-ffb1-46b9-8c66-5fe7900ad724",
    "data": [
      {
        "text": "abbrechen",
        "userDefined": false
      }
    ],
    "isTemplate": false,
    "count": 0,
    "updated": 1497436133
  },
  {
    "id": "ea9340d5-21b0-4bd1-831f-86222529408e",
    "data": [
      {
        "text": "schon gut",
        "userDefined": false
      }
    ],
    "isTemplate": false,
    "count": 0,
    "updated": 1497436133
  },
  {
    "id": "20281fef-1be6-4511-b2d8-346b8fafadb8",
    "data": [
      {
        "text": "anhalten",
        "userDefined": false
      }
    ],
    "isTemplate": false,
    "count": 3,
    "updated": 1497436133
  },
  {
    "id": "63ea3269-c79a-4657-9441-609ebef5b20f",
    "data": [
      {
        "text": "brich ab",
        "userDefined": false
      }
    ],
    "isTemplate": false,
    "count": 0,
    "updated": 1497436133
  },
  {
    "id": "b40e8986-68e7-49fe-8164-486d039c8bd0",
    "data": [
      {
        "text": "vergiss es",
        "userDefined": false
      }
    ],
    "isTemplate": false,
    "count": 0,
    "updated": 1497436133
  },
  {
    "id": "033e0cc0-f04b-46e2-9ef2-e90e2520dc43",
    "data": [
      {
        "text": "stoppen",
        "userDefined": false
      }
    ],
    "isTemplate": false,
    "count": 2,
    "updated": 1497436133
  },
  {
    "id": "eb99248c-71d1-47b1-9dc4-67ba08b70301",
    "data": [
      {
        "text": "nichts tun",
        "userDefined": false
      }
    ],
    "isTemplate": false,
    "count": 1,
    "updated": 1497436133
  },
  {
    "id": "2d8aed5a-58c1-4712-b56b-aca8a028ed23",
    "data": [
      {
        "text": "hat sich erledigt",
        "userDefined": false
      }
    ],
    "isTemplate": false,
    "count": 2,
    "updated": 1497436133
  }
]