[
  {
    "id": "7f1d95d4-f3d7-4f09-baf3-0a5f68a381c3",
    "data": [
      {
        "text": "das wollte ich nicht",
        "userDefined": false
      }
    ],
    "isTemplate": false,
    "count": 0,
    "updated": 1536575648
  },
  {
    "id": "cb7a3d16-e623-47a6-bb55-3757b822e53e",
    "data": [
      {
        "text": "stop",
        "userDefined": false
      }
    ],
    "isTemplate": false,
    "count": 0,
    "updated": 1536575648
  },
  {
    "id": "63a66512-cc3a-4ef3-9158-d5507c11f5de",
    "data": [
      {
        "text": "Sei still",
        "userDefined": false
      }
    ],
    "isTemplate": false,
    "count": 0,
    "updated": 1536575648
  }
]