[
  {
    "id": "6e08da50-bd57-4cad-bb10-1d5a3e10c295",
    "data": [
      {
        "text": "mach das",
        "userDefined": false
      }
    ],
    "isTemplate": false,
    "count": 0,
    "updated": 1497436128
  },
  {
    "id": "3c4ac56e-2f64-4cfc-9563-8e9fa277578a",
    "data": [
      {
        "text": "ja",
        "userDefined": false
      }
    ],
    "isTemplate": false,
    "count": 2,
    "updated": 1497436128
  },
  {
    "id": "5b546378-5c70-4acf-b364-4255861ca287",
    "data": [
      {
        "text": "natürlich",
        "userDefined": false
      }
    ],
    "isTemplate": false,
    "count": 1,
    "updated": 1497436128
  },
  {
    "id": "fa661477-ff58-4be1-a647-43468a203f5f",
    "data": [
      {
        "text": "bestätigen",
        "userDefined": false
      }
    ],
    "isTemplate": false,
    "count": 0,
    "updated": 1497436128
  },
  {
    "id": "39528354-0a68-42bf-9c43-bff4b0e07b06",
    "data": [
      {
        "text": "klingt gut",
        "userDefined": false
      }
    ],
    "isTemplate": false,
    "count": 0,
    "updated": 1497436128
  },
  {
    "id": "02263978-15de-4251-a508-4b7d9d30bd9c",
    "data": [
      {
        "text": "ist mir egal",
        "userDefined": false
      }
    ],
    "isTemplate": false,
    "count": 1,
    "updated": 1497436128
  },
  {
    "id": "5529b453-6eb6-41f3-aaf0-e393aaaa93c4",
    "data": [
      {
        "text": "genau",
        "userDefined": false
      }
    ],
    "isTemplate": false,
    "count": 2,
    "updated": 1497436128
  },
  {
    "id": "c92e8f69-139f-4f99-adea-e8f6ebadf937",
    "data": [
      {
        "text": "klar",
        "userDefined": false
      }
    ],
    "isTemplate": false,
    "count": 1,
    "updated": 1497436128
  },
  {
    "id": "52f4d342-3ccf-4783-87ec-bd81c100f550",
    "data": [
      {
        "text": "das ist richtig",
        "userDefined": false
      }
    ],
    "isTemplate": false,
    "count": 1,
    "updated": 1497436128
  },
  {
    "id": "35e18162-50f3-4c21-8b3d-29b64ad31c78",
    "data": [
      {
        "text": "einverstanden",
        "userDefined": false
      }
    ],
    "isTemplate": false,
    "count": 0,
    "updated": 1497436128
  }
]