[
  {
    "id": "e7a506c2-3c2f-425b-88b3-1fd95fe9fa3f",
    "data": [
      {
        "text": "Nochmal Nochmal",
        "userDefined": false
      }
    ],
    "isTemplate": false,
    "count": 0,
    "updated": 1536762892
  },
  {
    "id": "2aa61cbc-6e6b-432b-bafe-a830e8ad9b9b",
    "data": [
      {
        "text": "Mach das nochmal",
        "userDefined": false
      }
    ],
    "isTemplate": false,
    "count": 0,
    "updated": 1536762892
  },
  {
    "id": "dea3539a-f3b8-45d8-b913-23eb185f1516",
    "data": [
      {
        "text": "Wiederhole die letzte Aktion",
        "userDefined": false
      }
    ],
    "isTemplate": false,
    "count": 0,
    "updated": 1536762892
  },
  {
    "id": "7b407154-50b0-45e1-b2cf-2aa13378dcec",
    "data": [
      {
        "text": "Wiederholen",
        "userDefined": false
      }
    ],
    "isTemplate": false,
    "count": 0,
    "updated": 1536762892
  },
  {
    "id": "1661e18e-d568-43f8-9204-ebe6c0aeaa63",
    "data": [
      {
        "text": "Nochmal",
        "userDefined": false
      }
    ],
    "isTemplate": false,
    "count": 0,
    "updated": 1536762892
  }
]