[
  {
    "id": "e268621c-07fd-4954-936c-001f33b5c857",
    "data": [
      {
        "text": "Beende die ",
        "userDefined": false
      },
      {
        "text": "Navigation",
        "meta": "@sys.ignore",
        "userDefined": false
      }
    ],
    "isTemplate": false,
    "count": 0,
    "updated": 1536654887
  },
  {
    "id": "40e8127b-ff7d-4c17-abb4-9adc2b7b526d",
    "data": [
      {
        "text": "Navigation",
        "meta": "@sys.ignore",
        "userDefined": false
      },
      {
        "text": " abbrechen",
        "userDefined": false
      }
    ],
    "isTemplate": false,
    "count": 0,
    "updated": 1536654887
  },
  {
    "id": "8bb517e1-9ba0-4b2a-a3b4-3ac4a19c6280",
    "data": [
      {
        "text": "Navigation",
        "meta": "@sys.ignore",
        "userDefined": false
      },
      {
        "text": " beenden",
        "userDefined": false
      }
    ],
    "isTemplate": false,
    "count": 0,
    "updated": 1536654887
  }
]