[
  {
    "id": "4d5fc286-775e-4f25-96af-64570d457e7f",
    "data": [
      {
        "text": "Navigiere zu Ort ",
        "userDefined": false
      },
      {
        "text": "eins",
        "alias": "navigationNumber",
        "meta": "@sys.number",
        "userDefined": false
      }
    ],
    "isTemplate": false,
    "count": 0,
    "updated": 1536744002
  },
  {
    "id": "a76de2e2-4428-40f0-a383-b23d4352f994",
    "data": [
      {
        "text": "Navigiere",
        "userDefined": false
      }
    ],
    "isTemplate": false,
    "count": 0,
    "updated": 1536743658
  },
  {
    "id": "7612ed59-ad9a-4134-87a2-126e61409787",
    "data": [
      {
        "text": "Navigation",
        "meta": "@sys.ignore",
        "userDefined": false
      },
      {
        "text": " starten",
        "userDefined": false
      }
    ],
    "isTemplate": false,
    "count": 0,
    "updated": 1536743658
  },
  {
    "id": "8affc040-c765-483c-b69e-39a640d3dbf6",
    "data": [
      {
        "text": "Starte ",
        "userDefined": false
      },
      {
        "text": "Navigation",
        "meta": "@sys.ignore",
        "userDefined": false
      }
    ],
    "isTemplate": false,
    "count": 0,
    "updated": 1536743658
  },
  {
    "id": "06c4cf17-826d-47ba-92c3-e0b07ea0c8b6",
    "data": [
      {
        "text": "Ich möchte zu Ort ",
        "userDefined": false
      },
      {
        "text": "drei",
        "alias": "navigationNumber",
        "meta": "@sys.number",
        "userDefined": false
      }
    ],
    "isTemplate": false,
    "count": 0,
    "updated": 1534408739
  },
  {
    "id": "0397dc0f-4b6d-4e5c-bd6c-a3bde7eb71e3",
    "data": [
      {
        "text": "Navigiere zu Nummer ",
        "userDefined": false
      },
      {
        "text": "1",
        "alias": "navigationNumber",
        "meta": "@sys.number",
        "userDefined": false
      }
    ],
    "isTemplate": false,
    "count": 0,
    "updated": 1534408739
  },
  {
    "id": "6af948b6-f00e-4403-9f02-6961c1049ef7",
    "data": [
      {
        "text": "2",
        "alias": "navigationNumber",
        "meta": "@sys.number",
        "userDefined": false
      }
    ],
    "isTemplate": false,
    "count": 0,
    "updated": 1534408739
  }
]