[
  {
    "id": "964d8864-d1b0-4cbb-b49d-65126f96a111",
    "data": [
      {
        "text": "Starte ",
        "userDefined": false
      },
      {
        "text": "Navigation",
        "meta": "@sys.ignore",
        "userDefined": false
      }
    ],
    "isTemplate": false,
    "count": 0,
    "updated": 1536742684
  },
  {
    "id": "5d2a3634-6180-4070-bb0b-41fbc894c6d6",
    "data": [
      {
        "text": "Navigieren",
        "userDefined": false
      }
    ],
    "isTemplate": false,
    "count": 0,
    "updated": 1519815390
  },
  {
    "id": "f21519e9-88e1-4e41-947c-f63586a2873e",
    "data": [
      {
        "text": "Navigation",
        "meta": "@sys.ignore",
        "userDefined": false
      },
      {
        "text": " starten.",
        "userDefined": false
      }
    ],
    "isTemplate": false,
    "count": 0,
    "updated": 1536742322
  }
]