[
  {
    "id": "55ac7bae-196b-4f38-9f03-1db0530ff807",
    "data": [
      {
        "text": "Kannst du bitte ",
        "userDefined": false
      },
      {
        "text": "einen",
        "meta": "@sys.ignore",
        "userDefined": false
      },
      {
        "text": " ",
        "userDefined": false
      },
      {
        "text": "Speicher",
        "meta": "@sys.ignore",
        "userDefined": false
      },
      {
        "text": " Ort entfernen?",
        "userDefined": false
      }
    ],
    "isTemplate": false,
    "count": 0,
    "updated": 1536660479
  },
  {
    "id": "cc39b3e9-d8a5-4c8c-b8cf-2bb1f57d47b1",
    "data": [
      {
        "text": "Kannst du bitte den Punkt Nummer ",
        "userDefined": false
      },
      {
        "text": "zwei",
        "alias": "navigationNumber",
        "meta": "@sys.number",
        "userDefined": false
      },
      {
        "text": " löschen?",
        "userDefined": false
      }
    ],
    "isTemplate": false,
    "count": 0,
    "updated": 1536660479
  },
  {
    "id": "1afe8dfd-5ad6-4f39-917b-1b3fd57c3211",
    "data": [
      {
        "text": "Ort entfernen",
        "userDefined": false
      }
    ],
    "isTemplate": false,
    "count": 0,
    "updated": 1536660479
  },
  {
    "id": "c3658d6d-f046-4b77-91b4-8fcc3f888998",
    "data": [
      {
        "text": "Entferne gesicherten Punkt",
        "userDefined": false
      }
    ],
    "isTemplate": false,
    "count": 0,
    "updated": 1536660479
  },
  {
    "id": "d9de2133-c3b2-4a20-aae2-3a4e76005ecd",
    "data": [
      {
        "text": "Entferne Ort",
        "userDefined": false
      }
    ],
    "isTemplate": false,
    "count": 0,
    "updated": 1536660479
  },
  {
    "id": "e04a6e52-e8a0-4282-937c-d741e6426358",
    "data": [
      {
        "text": "Lösche Ort Nummer ",
        "userDefined": false
      },
      {
        "text": "eins",
        "alias": "navigationNumber",
        "meta": "@sys.number",
        "userDefined": false
      }
    ],
    "isTemplate": false,
    "count": 0,
    "updated": 1536658420
  },
  {
    "id": "82ed17fe-e249-4cf4-aef7-0e98c28d4281",
    "data": [
      {
        "text": "Punkt ",
        "userDefined": false
      },
      {
        "text": "zwei",
        "alias": "navigationNumber",
        "meta": "@sys.number",
        "userDefined": false
      },
      {
        "text": " entfernen",
        "userDefined": false
      }
    ],
    "isTemplate": false,
    "count": 0,
    "updated": 1536658420
  },
  {
    "id": "ee3f9079-9473-4326-a71b-7fa106090989",
    "data": [
      {
        "text": "Entferne Ort Nummer ",
        "userDefined": false
      },
      {
        "text": "drei",
        "alias": "navigationNumber",
        "meta": "@sys.number",
        "userDefined": false
      }
    ],
    "isTemplate": false,
    "count": 0,
    "updated": 1536658420
  }
]