[
  {
    "id": "74c5207b-2001-477f-97f0-f7dd1128203a",
    "data": [
      {
        "text": "Karte",
        "alias": "GameObject",
        "meta": "@GameObject",
        "userDefined": false
      },
      {
        "text": " öffnen",
        "userDefined": false
      }
    ],
    "isTemplate": false,
    "count": 0,
    "updated": 1536570862
  },
  {
    "id": "bc7a39b9-26a2-4045-92cd-c7cda8ecc85f",
    "data": [
      {
        "text": "Karte",
        "alias": "GameObject",
        "meta": "@GameObject",
        "userDefined": false
      },
      {
        "text": " vergrößern",
        "userDefined": false
      }
    ],
    "isTemplate": false,
    "count": 0,
    "updated": 1519999694
  },
  {
    "id": "f0070b3f-d392-4bbf-9ce1-bac9d085c4a3",
    "data": [
      {
        "text": "Öffne ",
        "userDefined": false
      },
      {
        "text": "Map",
        "alias": "Karte",
        "meta": "@Karte",
        "userDefined": false
      }
    ],
    "isTemplate": false,
    "count": 0,
    "updated": 1519999694
  },
  {
    "id": "3c608a67-af4b-4ec6-8cc5-7c67ed384595",
    "data": [
      {
        "text": "Karte",
        "alias": "GameObject",
        "meta": "@GameObject",
        "userDefined": false
      },
      {
        "text": " anzeigen",
        "userDefined": false
      }
    ],
    "isTemplate": false,
    "count": 0,
    "updated": 1519999694
  },
  {
    "id": "7c0fde4c-da92-4efa-87a6-88fdd6859cb5",
    "data": [
      {
        "text": "Open ",
        "userDefined": false
      },
      {
        "text": "Map",
        "alias": "Karte",
        "meta": "@Karte",
        "userDefined": false
      }
    ],
    "isTemplate": false,
    "count": 0,
    "updated": 1519999694
  },
  {
    "id": "5f395328-e5fe-4766-80a7-1f374cfc2229",
    "data": [
      {
        "text": "Öffne Karte",
        "userDefined": false
      }
    ],
    "isTemplate": false,
    "count": 1,
    "updated": 1519999694
  }
]