[
  {
    "id": "c2cd326a-2f74-4173-a14c-3f492d664905",
    "data": [
      {
        "text": "Karte",
        "alias": "GameObject",
        "meta": "@GameObject",
        "userDefined": false
      },
      {
        "text": " neu fokusieren",
        "userDefined": false
      }
    ],
    "isTemplate": false,
    "count": 0,
    "updated": 1520261889
  },
  {
    "id": "b1f7dee4-3c51-42b6-a6a2-2a689bc8bd91",
    "data": [
      {
        "text": "Fokus der ",
        "userDefined": false
      },
      {
        "text": "Karte",
        "alias": "GameObject",
        "meta": "@GameObject",
        "userDefined": false
      },
      {
        "text": " erneuern",
        "userDefined": false
      }
    ],
    "isTemplate": false,
    "count": 0,
    "updated": 1520261889
  },
  {
    "id": "7a54f768-d73f-46f5-a7dc-c2428769097b",
    "data": [
      {
        "text": "Die Kamera soll wieder meinem Auto folgen",
        "userDefined": false
      }
    ],
    "isTemplate": false,
    "count": 0,
    "updated": 1520261889
  },
  {
    "id": "4d1907f1-0e3e-421a-85b5-2fe7e91e3376",
    "data": [
      {
        "text": "Kamera fokusieren",
        "userDefined": false
      }
    ],
    "isTemplate": false,
    "count": 0,
    "updated": 1520261889
  },
  {
    "id": "7215b47c-9b1b-4008-9ade-d5a906a3542b",
    "data": [
      {
        "text": "Die Kamera soll mir wieder folgen",
        "userDefined": false
      }
    ],
    "isTemplate": false,
    "count": 0,
    "updated": 1520261889
  },
  {
    "id": "d73e9692-e87d-43f5-9630-b0baf2bfad30",
    "data": [
      {
        "text": "Fokus auf das Auto setzen",
        "userDefined": false
      }
    ],
    "isTemplate": false,
    "count": 0,
    "updated": 1520261889
  }
]