[
  {
    "id": "fb20f19f-9828-4850-aef5-4495eff8010c",
    "data": [
      {
        "text": "Karte",
        "alias": "GameObject",
        "meta": "@GameObject",
        "userDefined": false
      },
      {
        "text": " schließen",
        "userDefined": false
      }
    ],
    "isTemplate": false,
    "count": 0,
    "updated": 1534261876
  },
  {
    "id": "31fb6d79-5a63-4e9c-8a54-aaeb1f6ad5bf",
    "data": [
      {
        "text": "Kannst du die ",
        "userDefined": false
      },
      {
        "text": "Karte",
        "alias": "GameObject",
        "meta": "@GameObject",
        "userDefined": false
      },
      {
        "text": " wieder klein machen",
        "userDefined": false
      }
    ],
    "isTemplate": false,
    "count": 0,
    "updated": 1531223531
  },
  {
    "id": "991f7d95-d8ce-4840-b59d-08a2ed8eeed7",
    "data": [
      {
        "text": "Mache die ",
        "userDefined": false
      },
      {
        "text": "Karte",
        "alias": "GameObject",
        "meta": "@GameObject",
        "userDefined": false
      },
      {
        "text": " wieder zu",
        "userDefined": false
      }
    ],
    "isTemplate": false,
    "count": 0,
    "updated": 1531223531
  },
  {
    "id": "2f51bb09-914e-472b-9870-72df834f372a",
    "data": [
      {
        "text": "Schließen",
        "userDefined": false
      }
    ],
    "isTemplate": false,
    "count": 0,
    "updated": 1531223531
  },
  {
    "id": "5be84df7-e86b-4beb-8c73-639fc071a80c",
    "data": [
      {
        "text": "Map",
        "alias": "Karte",
        "meta": "@Karte",
        "userDefined": true
      },
      {
        "text": " schließen",
        "userDefined": false
      }
    ],
    "isTemplate": false,
    "count": 0,
    "updated": 1531223531
  }
]