[
  {
    "id": "cc0abe60-5602-4ebc-82a6-1b3bb63ad213",
    "data": [
      {
        "text": "Bewege die ",
        "userDefined": false
      },
      {
        "text": "Karte",
        "alias": "GameObject",
        "meta": "@GameObject",
        "userDefined": true
      },
      {
        "text": " ",
        "userDefined": false
      },
      {
        "text": "stark",
        "alias": "Groesseneinheit",
        "meta": "@Groesseneinheit",
        "userDefined": true
      },
      {
        "text": " nach ",
        "userDefined": false
      },
      {
        "text": "vorne",
        "alias": "MoveDirection",
        "meta": "@MoveDirection",
        "userDefined": true
      }
    ],
    "isTemplate": false,
    "count": 0,
    "updated": 1520327267
  },
  {
    "id": "8a4ec044-f5f4-4d11-85f3-ef8bb09466b7",
    "data": [
      {
        "text": "Verschiebe die ",
        "userDefined": false
      },
      {
        "text": "Karte",
        "alias": "GameObject",
        "meta": "@GameObject",
        "userDefined": false
      },
      {
        "text": " ",
        "userDefined": false
      },
      {
        "text": "deutlich",
        "alias": "Groesseneinheit",
        "meta": "@Groesseneinheit",
        "userDefined": false
      },
      {
        "text": " nach ",
        "userDefined": false
      },
      {
        "text": "links",
        "alias": "MoveDirection",
        "meta": "@MoveDirection",
        "userDefined": false
      }
    ],
    "isTemplate": false,
    "count": 0,
    "updated": 1520327267
  },
  {
    "id": "c73599fc-b7a2-4f99-b7bf-5c50fd7d63eb",
    "data": [
      {
        "text": "Ich sehe auf der ",
        "userDefined": false
      },
      {
        "text": "linken",
        "alias": "MoveDirection",
        "meta": "@MoveDirection",
        "userDefined": true
      },
      {
        "text": " Seite der ",
        "userDefined": false
      },
      {
        "text": "Map",
        "alias": "GameObject",
        "meta": "@GameObject",
        "userDefined": false
      },
      {
        "text": " ",
        "userDefined": false
      },
      {
        "text": "viel",
        "alias": "Groesseneinheit",
        "meta": "@Groesseneinheit",
        "userDefined": true
      },
      {
        "text": " zu ",
        "userDefined": false
      },
      {
        "text": "wenig",
        "meta": "@sys.ignore",
        "userDefined": false
      }
    ],
    "isTemplate": false,
    "count": 0,
    "updated": 1520327267
  },
  {
    "id": "877725e9-90b5-4d90-8f9a-a1b33e9b684a",
    "data": [
      {
        "text": "Verschiebe das Sichtfenster der ",
        "userDefined": false
      },
      {
        "text": "Map",
        "alias": "GameObject",
        "meta": "@GameObject",
        "userDefined": true
      },
      {
        "text": " nach ",
        "userDefined": false
      },
      {
        "text": "rechts",
        "alias": "MoveDirection",
        "meta": "@MoveDirection",
        "userDefined": true
      }
    ],
    "isTemplate": false,
    "count": 0,
    "updated": 1520327267
  }
]