[
  {
    "id": "be48acbe-ec59-4731-872f-65840109ec0c",
    "data": [
      {
        "text": "nach ",
        "userDefined": false
      },
      {
        "text": "rechts",
        "alias": "MoveDirection",
        "meta": "@MoveDirection",
        "userDefined": false
      }
    ],
    "isTemplate": false,
    "count": 0,
    "updated": 1536872857
  },
  {
    "id": "7fd11d21-88c0-4851-9e0d-d8d57b015923",
    "data": [
      {
        "text": "einen Tick",
        "alias": "Groesseneinheit",
        "meta": "@Groesseneinheit",
        "userDefined": false
      },
      {
        "text": " nach ",
        "userDefined": false
      },
      {
        "text": "links",
        "alias": "MoveDirection",
        "meta": "@MoveDirection",
        "userDefined": false
      }
    ],
    "isTemplate": false,
    "count": 0,
    "updated": 1536870773
  },
  {
    "id": "d001a370-c818-434b-83db-32d594002bd9",
    "data": [
      {
        "text": "gehe ",
        "userDefined": false
      },
      {
        "text": "stark",
        "alias": "Groesseneinheit",
        "meta": "@Groesseneinheit",
        "userDefined": false
      },
      {
        "text": " ",
        "userDefined": false
      },
      {
        "text": "links",
        "alias": "MoveDirection",
        "meta": "@MoveDirection",
        "userDefined": false
      }
    ],
    "isTemplate": false,
    "count": 0,
    "updated": 1536870773
  },
  {
    "id": "209f1b8f-da10-4af5-9992-2a93a3828529",
    "data": [
      {
        "text": "stark",
        "alias": "Groesseneinheit",
        "meta": "@Groesseneinheit",
        "userDefined": false
      },
      {
        "text": " ",
        "userDefined": false
      },
      {
        "text": "links",
        "alias": "MoveDirection",
        "meta": "@MoveDirection",
        "userDefined": false
      }
    ],
    "isTemplate": false,
    "count": 0,
    "updated": 1536870294
  },
  {
    "id": "88fa24e6-f70b-42c7-bd80-ff2a1c832898",
    "data": [
      {
        "text": "rechts",
        "alias": "MoveDirection",
        "meta": "@MoveDirection",
        "userDefined": true
      }
    ],
    "isTemplate": false,
    "count": 0,
    "updated": 1536872744
  }
]