[
  {
    "id": "10b9bcb4-3df2-49be-8d4c-7c7896a0eab3",
    "data": [
      {
        "text": "schließen",
        "userDefined": false
      }
    ],
    "isTemplate": false,
    "count": 2,
    "updated": 1497436133
  },
  {
    "id": "bc05a562-d8b0-4842-9a4c-79660a2f55e0",
    "data": [
      {
        "text": "abbrechen",
        "userDefined": false
      }
    ],
    "isTemplate": false,
    "count": 0,
    "updated": 1497436133
  },
  {
    "id": "e70835c5-bfcf-465e-8a93-891b6fd801f6",
    "data": [
      {
        "text": "schon gut",
        "userDefined": false
      }
    ],
    "isTemplate": false,
    "count": 0,
    "updated": 1497436133
  },
  {
    "id": "0110a9ee-d6d6-496f-84e7-2b4c5475c2c2",
    "data": [
      {
        "text": "anhalten",
        "userDefined": false
      }
    ],
    "isTemplate": false,
    "count": 3,
    "updated": 1497436133
  },
  {
    "id": "7cf7d88e-9903-486a-8c88-0aaaf6514adf",
    "data": [
      {
        "text": "brich ab",
        "userDefined": false
      }
    ],
    "isTemplate": false,
    "count": 0,
    "updated": 1497436133
  },
  {
    "id": "8b56da60-615f-4029-9a75-ed765ce7d5ca",
    "data": [
      {
        "text": "vergiss es",
        "userDefined": false
      }
    ],
    "isTemplate": false,
    "count": 0,
    "updated": 1497436133
  },
  {
    "id": "d2931e98-958f-41c2-9622-4f0d4cf1bcf2",
    "data": [
      {
        "text": "stoppen",
        "userDefined": false
      }
    ],
    "isTemplate": false,
    "count": 2,
    "updated": 1497436133
  },
  {
    "id": "f23bc9d9-73ec-49be-89c7-d600d43b4606",
    "data": [
      {
        "text": "nichts tun",
        "userDefined": false
      }
    ],
    "isTemplate": false,
    "count": 1,
    "updated": 1497436133
  },
  {
    "id": "59d6616e-c7bc-43db-bd92-d89fbc56e733",
    "data": [
      {
        "text": "hat sich erledigt",
        "userDefined": false
      }
    ],
    "isTemplate": false,
    "count": 2,
    "updated": 1497436133
  },
  {
    "id": "ce5d1ccb-b8fb-47c5-8033-9c58f9e30cfc",
    "data": [
      {
        "text": "überspringen",
        "userDefined": false
      }
    ],
    "isTemplate": false,
    "count": 0,
    "updated": 1497436133
  }
]