[
  {
    "id": "b86f9a06-05c8-4115-a782-5e2168ecd8e1",
    "data": [
      {
        "text": "Sichere diesen Ort",
        "userDefined": false
      }
    ],
    "isTemplate": false,
    "count": 0,
    "updated": 1536873430
  },
  {
    "id": "c8425bba-04a4-4cd5-837b-331778dc3c6d",
    "data": [
      {
        "text": "Speichere diesen Ort",
        "userDefined": false
      }
    ],
    "isTemplate": false,
    "count": 0,
    "updated": 1536873430
  },
  {
    "id": "1ba1e0d6-7708-4ef0-bfb8-72402a9e6071",
    "data": [
      {
        "text": "Speichere Ort",
        "userDefined": false
      }
    ],
    "isTemplate": false,
    "count": 0,
    "updated": 1536873430
  },
  {
    "id": "e1402e8d-72a3-402f-b404-2ab47df44fc2",
    "data": [
      {
        "text": "Ort speichern",
        "userDefined": false
      }
    ],
    "isTemplate": false,
    "count": 0,
    "updated": 1534153389
  },
  {
    "id": "0eb64976-5a7e-4347-b31d-c7300d9d1951",
    "data": [
      {
        "text": "Navigationspunkt hinzufügen",
        "userDefined": false
      }
    ],
    "isTemplate": false,
    "count": 0,
    "updated": 1534153389
  },
  {
    "id": "9b00c4dc-1bb2-4e16-ba40-9862d8fff139",
    "data": [
      {
        "text": "Navigationsort sichern",
        "userDefined": false
      }
    ],
    "isTemplate": false,
    "count": 0,
    "updated": 1534153389
  },
  {
    "id": "9e454a2e-4ff8-4b14-8b00-271e84e68f77",
    "data": [
      {
        "text": "Standort speichern",
        "userDefined": false
      }
    ],
    "isTemplate": false,
    "count": 0,
    "updated": 1534153389
  },
  {
    "id": "e9e6e96d-2d1a-459d-8202-8524f1954930",
    "data": [
      {
        "text": "Merke dir diesen Punkt",
        "userDefined": false
      }
    ],
    "isTemplate": false,
    "count": 0,
    "updated": 1534153389
  }
]