[
  {
    "id": "e6aa9838-1239-489e-9a98-a8a44d8cb046",
    "data": [
      {
        "text": "Letzten Sicherungspunkt löschen",
        "userDefined": false
      }
    ],
    "isTemplate": false,
    "count": 0,
    "updated": 1536739661
  },
  {
    "id": "b21cc674-7a27-4117-97af-f9a8d763dbc7",
    "data": [
      {
        "text": "Verwerfe Checkpoint",
        "userDefined": false
      }
    ],
    "isTemplate": false,
    "count": 0,
    "updated": 1536739661
  },
  {
    "id": "899387ce-c7c0-426c-bc38-a113b375f351",
    "data": [
      {
        "text": "Checkpoint verwerfen",
        "userDefined": false
      }
    ],
    "isTemplate": false,
    "count": 0,
    "updated": 1536739661
  }
]