[
  {
    "id": "882ce240-4e5a-4ce8-9e95-d0e1a8110bb1",
    "data": [
      {
        "text": "Strecke beenden",
        "userDefined": false
      }
    ],
    "isTemplate": false,
    "count": 0,
    "updated": 1535726146
  },
  {
    "id": "94a26b72-3c1b-4791-affc-585d69893819",
    "data": [
      {
        "text": "Die Strecke ist lang genug",
        "userDefined": false
      }
    ],
    "isTemplate": false,
    "count": 0,
    "updated": 1531301247
  },
  {
    "id": "534611ad-c551-4c70-9170-6f7f96fdeb8a",
    "data": [
      {
        "text": "Verlasse das Training",
        "userDefined": false
      }
    ],
    "isTemplate": false,
    "count": 0,
    "updated": 1531301247
  },
  {
    "id": "803380ea-35ae-4d69-88be-147d70e0618e",
    "data": [
      {
        "text": "Ich bin fertig",
        "userDefined": false
      }
    ],
    "isTemplate": false,
    "count": 0,
    "updated": 1531301247
  },
  {
    "id": "34f1b218-6e0a-440c-84f4-ed1a877836fc",
    "data": [
      {
        "text": "genug trainiert",
        "userDefined": false
      }
    ],
    "isTemplate": false,
    "count": 0,
    "updated": 1531220385
  },
  {
    "id": "dae41336-fbab-4d99-904a-53754f3e8109",
    "data": [
      {
        "text": "Ich bin fertig mit trainieren",
        "userDefined": false
      }
    ],
    "isTemplate": false,
    "count": 0,
    "updated": 1531220385
  },
  {
    "id": "aacc0795-6028-4c37-bbb2-c9d37e76bac3",
    "data": [
      {
        "text": "Schließe das Training ab",
        "userDefined": false
      }
    ],
    "isTemplate": false,
    "count": 0,
    "updated": 1531220385
  },
  {
    "id": "d4c449c8-2990-4371-b63b-9be93e67e376",
    "data": [
      {
        "text": "Training beenden",
        "userDefined": false
      }
    ],
    "isTemplate": false,
    "count": 0,
    "updated": 1531220385
  },
  {
    "id": "e362380e-48e0-4f95-af32-75ffac6d1a0d",
    "data": [
      {
        "text": "Ich möchte das Training beenden",
        "userDefined": false
      }
    ],
    "isTemplate": false,
    "count": 0,
    "updated": 1531220385
  }
]