[
  {
    "id": "c9b50a7e-8ed6-4217-981d-3f8c0591c4a9",
    "data": [
      {
        "text": "Strecke beenden",
        "userDefined": false
      }
    ],
    "isTemplate": false,
    "count": 0,
    "updated": 1535726169
  },
  {
    "id": "8f4c5d03-cfc8-4fa9-9b3d-53e8b2d6ebec",
    "data": [
      {
        "text": "Ich möchte das Training beenden",
        "userDefined": false
      }
    ],
    "isTemplate": false,
    "count": 0,
    "updated": 1531301299
  },
  {
    "id": "477bd599-cc43-45ab-a72a-10e696c2140e",
    "data": [
      {
        "text": "Ich bin fertig mit trainieren",
        "userDefined": false
      }
    ],
    "isTemplate": false,
    "count": 0,
    "updated": 1531301299
  },
  {
    "id": "740eb004-aac8-4d70-807d-08464112b012",
    "data": [
      {
        "text": "genug trainiert",
        "userDefined": false
      }
    ],
    "isTemplate": false,
    "count": 0,
    "updated": 1531301299
  },
  {
    "id": "f3cc4cc4-90d0-47e9-ad96-93d36f100dd0",
    "data": [
      {
        "text": "Training beenden",
        "userDefined": false
      }
    ],
    "isTemplate": false,
    "count": 0,
    "updated": 1531220910
  },
  {
    "id": "f0cb0f02-714f-47c5-9244-55360670fc08",
    "data": [
      {
        "text": "Die Strecke ist lang genug",
        "userDefined": false
      }
    ],
    "isTemplate": false,
    "count": 0,
    "updated": 1531220910
  },
  {
    "id": "39229ba0-f83f-4f7e-9d59-d19e45df364e",
    "data": [
      {
        "text": "Verlasse das Training",
        "userDefined": false
      }
    ],
    "isTemplate": false,
    "count": 0,
    "updated": 1531220910
  },
  {
    "id": "fbb578be-cc75-41cc-881b-0a356e969f51",
    "data": [
      {
        "text": "Ich bin fertig",
        "userDefined": false
      }
    ],
    "isTemplate": false,
    "count": 1,
    "updated": 1531220910
  }
]