[
  {
    "id": "b95ae21a-3585-4a87-a3ff-71a146651d82",
    "data": [
      {
        "text": "Mache ",
        "userDefined": false
      },
      {
        "text": "einen",
        "meta": "@sys.ignore",
        "userDefined": false
      },
      {
        "text": " Sicherungspunkt",
        "userDefined": false
      }
    ],
    "isTemplate": false,
    "count": 0,
    "updated": 1536677289
  },
  {
    "id": "d0ebd3ba-813d-41d3-b0c8-72968df2235f",
    "data": [
      {
        "text": "Erstelle Backup",
        "userDefined": false
      }
    ],
    "isTemplate": false,
    "count": 0,
    "updated": 1536677289
  },
  {
    "id": "1fbcd6c0-2ee2-430c-af11-cbc0b46f1036",
    "data": [
      {
        "text": "Erstelle Sicherungspunkt",
        "userDefined": false
      }
    ],
    "isTemplate": false,
    "count": 0,
    "updated": 1536677289
  },
  {
    "id": "ef6467de-462c-4909-a58e-d32a1b941b3b",
    "data": [
      {
        "text": "Setze Checkpoint",
        "userDefined": false
      }
    ],
    "isTemplate": false,
    "count": 0,
    "updated": 1536677289
  },
  {
    "id": "f2b912bf-ee51-4489-818b-54b37ea508e1",
    "data": [
      {
        "text": "Checkpoint speichern",
        "userDefined": false
      }
    ],
    "isTemplate": false,
    "count": 0,
    "updated": 1531222012
  },
  {
    "id": "bfe85dcd-8892-437e-b043-ad3ae88c54db",
    "data": [
      {
        "text": "Bis hier war ich gut",
        "userDefined": false
      }
    ],
    "isTemplate": false,
    "count": 0,
    "updated": 1531216877
  },
  {
    "id": "1f32d379-c9a6-4269-9255-bbe71dfca428",
    "data": [
      {
        "text": "Fortschritt sichern",
        "userDefined": false
      }
    ],
    "isTemplate": false,
    "count": 0,
    "updated": 1531216877
  },
  {
    "id": "10a4c564-4ed1-446a-9133-0c8f4ec5f8a2",
    "data": [
      {
        "text": "Speichere meinen Fortschritt",
        "userDefined": false
      }
    ],
    "isTemplate": false,
    "count": 0,
    "updated": 1531216877
  },
  {
    "id": "d5210498-b2ef-460b-8b16-7604415d130a",
    "data": [
      {
        "text": "Checkpoint erstellen",
        "userDefined": false
      }
    ],
    "isTemplate": false,
    "count": 0,
    "updated": 1531216877
  },
  {
    "id": "78165e85-3696-486c-a3e5-55b17d8f52b2",
    "data": [
      {
        "text": "Erstelle Checkpoint",
        "userDefined": false
      }
    ],
    "isTemplate": false,
    "count": 0,
    "updated": 1531216877
  }
]