[
  {
    "id": "3dfc1631-9f42-450a-b3f9-14ee2ec9303d",
    "data": [
      {
        "text": "Bleibe stehen",
        "userDefined": false
      }
    ],
    "isTemplate": false,
    "count": 0,
    "updated": 1533911547
  },
  {
    "id": "766fbbbe-95b1-4d7b-bc80-680f320e8103",
    "data": [
      {
        "text": "halt",
        "userDefined": false
      }
    ],
    "isTemplate": false,
    "count": 0,
    "updated": 1533911547
  },
  {
    "id": "d260d1e0-46f6-4358-9af5-ee19a1cf1db3",
    "data": [
      {
        "text": "Stop",
        "userDefined": false
      }
    ],
    "isTemplate": false,
    "count": 0,
    "updated": 1533911547
  },
  {
    "id": "76e2db41-f189-4373-9271-64cc150ebc94",
    "data": [
      {
        "text": "Anhalten",
        "meta": "@sys.ignore",
        "userDefined": false
      }
    ],
    "isTemplate": false,
    "count": 0,
    "updated": 1533911547
  },
  {
    "id": "e26fbef5-16de-4300-8a53-026c0690ead3",
    "data": [
      {
        "text": "Auto halt",
        "userDefined": false
      }
    ],
    "isTemplate": false,
    "count": 0,
    "updated": 1533911547
  },
  {
    "id": "b6ebf0a8-1087-4a88-9fbd-352c255a28f2",
    "data": [
      {
        "text": "Auto ",
        "userDefined": false
      },
      {
        "text": "anhalten",
        "meta": "@sys.ignore",
        "userDefined": false
      }
    ],
    "isTemplate": false,
    "count": 0,
    "updated": 1533911547
  },
  {
    "id": "14f29097-82b0-46da-be38-69c27bfabfff",
    "data": [
      {
        "text": "Auto stoppen",
        "userDefined": false
      }
    ],
    "isTemplate": false,
    "count": 0,
    "updated": 1533911547
  }
]