[
  {
    "id": "30c917f0-3fe3-4df7-8b89-47365b213c15",
    "data": [
      {
        "text": "Lass mich wieder steuern",
        "userDefined": false
      }
    ],
    "isTemplate": false,
    "count": 0,
    "updated": 1533915779
  },
  {
    "id": "5ebe3789-5035-402b-b2c2-b47e23a1ee51",
    "data": [
      {
        "text": "Kontrolle ",
        "userDefined": false
      },
      {
        "text": "zurück",
        "meta": "@sys.ignore",
        "userDefined": false
      },
      {
        "text": " geben",
        "userDefined": false
      }
    ],
    "isTemplate": false,
    "count": 0,
    "updated": 1533915779
  },
  {
    "id": "016d6402-d872-4ef3-953e-9e3a08b0dc42",
    "data": [
      {
        "text": "Manuelle Steuerung",
        "userDefined": false
      }
    ],
    "isTemplate": false,
    "count": 0,
    "updated": 1533915779
  },
  {
    "id": "486b435c-8a52-4c2e-8d94-85459807cc57",
    "data": [
      {
        "text": "Ich übernehme",
        "userDefined": false
      }
    ],
    "isTemplate": false,
    "count": 0,
    "updated": 1533915779
  }
]