[
  {
    "id": "f4ea0101-e43b-44c2-af1b-0e7912af9893",
    "data": [
      {
        "text": "Führe mich zu Ort ",
        "userDefined": false
      },
      {
        "text": "eins",
        "alias": "number",
        "meta": "@sys.number",
        "userDefined": true
      }
    ],
    "isTemplate": false,
    "count": 0
  },
  {
    "id": "db686a23-2ecf-4652-9432-4faa079950d6",
    "data": [
      {
        "text": "Navigiere",
        "userDefined": false
      }
    ],
    "isTemplate": false,
    "count": 0,
    "updated": 1514975821
  },
  {
    "id": "c9696af9-e496-4b0f-b49d-043ced41b615",
    "data": [
      {
        "text": "Starte Naviation",
        "userDefined": false
      }
    ],
    "isTemplate": false,
    "count": 0,
    "updated": 1514975821
  },
  {
    "id": "c9b1a129-3b94-4fb5-93f9-b8d22dad7371",
    "data": [
      {
        "text": "Navigation",
        "alias": "GameObject",
        "meta": "@GameObject",
        "userDefined": false
      },
      {
        "text": " starten",
        "userDefined": false
      }
    ],
    "isTemplate": false,
    "count": 0,
    "updated": 1514975821
  }
]