[
  {
    "id": "85d272e3-8010-42ac-b641-d650dc98a6fd",
    "data": [
      {
        "text": "Gehe ",
        "userDefined": false
      },
      {
        "text": "näher heran",
        "alias": "Direction",
        "meta": "@Direction",
        "userDefined": false
      }
    ],
    "isTemplate": false,
    "count": 0,
    "updated": 1534261954
  },
  {
    "id": "ded8969a-73e7-496b-ad55-4d406cbd2171",
    "data": [
      {
        "text": "Kannst du ",
        "userDefined": false
      },
      {
        "text": "etwas",
        "alias": "Groesseneinheit",
        "meta": "@Groesseneinheit",
        "userDefined": false
      },
      {
        "text": " ",
        "userDefined": false
      },
      {
        "text": "näher ran",
        "alias": "Direction",
        "meta": "@Direction",
        "userDefined": true
      },
      {
        "text": " zoomen",
        "userDefined": false
      }
    ],
    "isTemplate": false,
    "count": 0,
    "updated": 1520002956
  },
  {
    "id": "4733103c-20a1-4f5e-b313-54dda3bfd6f1",
    "data": [
      {
        "text": "Zoome ",
        "userDefined": false
      },
      {
        "text": "viel",
        "alias": "Groesseneinheit",
        "meta": "@Groesseneinheit",
        "userDefined": false
      },
      {
        "text": " ",
        "userDefined": false
      },
      {
        "text": "näher ran",
        "alias": "Direction",
        "meta": "@Direction",
        "userDefined": true
      }
    ],
    "isTemplate": false,
    "count": 0,
    "updated": 1520002956
  },
  {
    "id": "5f070ca5-7189-4185-8a2c-17bca2572610",
    "data": [
      {
        "text": "Kannst du ",
        "userDefined": false
      },
      {
        "text": "näher ran",
        "alias": "Direction",
        "meta": "@Direction",
        "userDefined": true
      }
    ],
    "isTemplate": false,
    "count": 0,
    "updated": 1520002956
  },
  {
    "id": "833c3cfd-6aa0-4f05-8a2c-6d9bd1274e1a",
    "data": [
      {
        "text": "Gehe ",
        "userDefined": false
      },
      {
        "text": "deutlich",
        "alias": "Groesseneinheit",
        "meta": "@Groesseneinheit",
        "userDefined": true
      },
      {
        "text": " ",
        "userDefined": false
      },
      {
        "text": "näher ran",
        "alias": "Direction",
        "meta": "@Direction",
        "userDefined": true
      }
    ],
    "isTemplate": false,
    "count": 0,
    "updated": 1520002956
  },
  {
    "id": "d6332f52-b9f1-4e5c-8fc9-740d3cde97f7",
    "data": [
      {
        "text": "Noch ",
        "userDefined": false
      },
      {
        "text": "ein Stück",
        "alias": "Groesseneinheit",
        "meta": "@Groesseneinheit",
        "userDefined": false
      },
      {
        "text": " ",
        "userDefined": false
      },
      {
        "text": "näher",
        "alias": "Direction",
        "meta": "@Direction",
        "userDefined": true
      }
    ],
    "isTemplate": false,
    "count": 0,
    "updated": 1520002956
  }
]