[
  {
    "id": "f06c7301-0de9-4038-ae10-12d88f805480",
    "data": [
      {
        "text": "Karte",
        "alias": "GameObject",
        "meta": "@GameObject",
        "userDefined": false
      },
      {
        "text": " öffnen",
        "userDefined": false
      }
    ],
    "isTemplate": false,
    "count": 0
  },
  {
    "id": "53222580-1e14-4414-95ce-e73d8260f635",
    "data": [
      {
        "text": "Öffne ",
        "userDefined": false
      },
      {
        "text": "Truhe",
        "alias": "GameObject",
        "meta": "@GameObject",
        "userDefined": false
      }
    ],
    "isTemplate": false,
    "count": 0
  },
  {
    "id": "a531eb75-3f68-4c0f-ad93-31d4d3b5cef7",
    "data": [
      {
        "text": "Öffne ",
        "userDefined": false
      },
      {
        "text": "Karte",
        "alias": "GameObject",
        "meta": "@GameObject",
        "userDefined": true
      }
    ],
    "isTemplate": false,
    "count": 1,
    "updated": 1514907436
  },
  {
    "id": "21feb509-fc92-425d-a85b-ab5065b2c0d2",
    "data": [
      {
        "text": "Kannst du mir bitte die ",
        "userDefined": false
      },
      {
        "text": "Kiste",
        "alias": "GameObject",
        "meta": "@GameObject",
        "userDefined": false
      },
      {
        "text": " öffnen?",
        "userDefined": false
      }
    ],
    "isTemplate": false,
    "count": 0
  },
  {
    "id": "1b61b5ef-fa54-4ae7-9639-98c01b0fb7f3",
    "data": [
      {
        "text": "Öffne ",
        "userDefined": false
      },
      {
        "text": "Tür",
        "alias": "GameObject",
        "meta": "@GameObject",
        "userDefined": false
      }
    ],
    "isTemplate": false,
    "count": 0
  }
]