[
  {
    "id": "e0d78a6c-cc9b-4b00-b4ed-b06874dd3492",
    "data": [
      {
        "text": "Paul",
        "alias": "UserName",
        "meta": "@UserName",
        "userDefined": false
      },
      {
        "text": " sein mein Name",
        "userDefined": false
      }
    ],
    "isTemplate": false,
    "count": 0,
    "updated": 1535100740
  },
  {
    "id": "11ea526a-7848-4a87-9cf0-75a6ceba4ed5",
    "data": [
      {
        "text": "Meine Eltern gaben mir den Namen ",
        "userDefined": false
      },
      {
        "text": "Paul",
        "alias": "UserName",
        "meta": "@UserName",
        "userDefined": false
      }
    ],
    "isTemplate": false,
    "count": 0,
    "updated": 1535100740
  },
  {
    "id": "dfe4bdb8-e1c7-4915-9719-772d2057ad25",
    "data": [
      {
        "text": "Die Leute nennen mich ",
        "userDefined": false
      },
      {
        "text": "Ulf",
        "alias": "UserName",
        "meta": "@UserName",
        "userDefined": false
      }
    ],
    "isTemplate": false,
    "count": 0,
    "updated": 1535100740
  },
  {
    "id": "5dd33892-a880-4b5c-85fc-5d9068796a7c",
    "data": [
      {
        "text": "Man nennt mich ",
        "userDefined": false
      },
      {
        "text": "Paul",
        "alias": "UserName",
        "meta": "@UserName",
        "userDefined": false
      }
    ],
    "isTemplate": false,
    "count": 0,
    "updated": 1535100740
  },
  {
    "id": "18bc3335-453c-4305-b381-dba58cc400aa",
    "data": [
      {
        "text": "Christina",
        "alias": "UserName",
        "meta": "@UserName",
        "userDefined": false
      },
      {
        "text": " ist mein Name",
        "userDefined": false
      }
    ],
    "isTemplate": false,
    "count": 0,
    "updated": 1535050879
  },
  {
    "id": "ab67d02f-2304-4ba8-b6fe-02ef8387e54f",
    "data": [
      {
        "text": "Ich heiße ",
        "userDefined": false
      },
      {
        "text": "Cinja",
        "alias": "UserName",
        "meta": "@UserName",
        "userDefined": true
      }
    ],
    "isTemplate": false,
    "count": 0,
    "updated": 1535028293
  },
  {
    "id": "76596348-0630-4ae4-ab46-0c51b76166ca",
    "data": [
      {
        "text": "Mein Name ist ",
        "userDefined": false
      },
      {
        "text": "Andre",
        "alias": "UserName",
        "meta": "@UserName",
        "userDefined": true
      }
    ],
    "isTemplate": false,
    "count": 0,
    "updated": 1535027987
  }
]