[
  {
    "id": "b946fe61-68d8-4d31-81f2-f731dca7e5de",
    "data": [
      {
        "text": "Lade Name aus ",
        "userDefined": false
      },
      {
        "text": "Speicher",
        "meta": "@sys.ignore",
        "userDefined": false
      },
      {
        "text": " ",
        "userDefined": false
      },
      {
        "text": "Peter",
        "alias": "UserName",
        "meta": "@UserName",
        "userDefined": false
      }
    ],
    "isTemplate": false,
    "count": 0,
    "updated": 1535051064
  }
]