[
  {
    "id": "5fa4eea0-db3e-4010-83dd-69b43e16dfde",
    "data": [
      {
        "text": "Spielerwechsel",
        "userDefined": false
      }
    ],
    "isTemplate": false,
    "count": 0,
    "updated": 1536668311
  },
  {
    "id": "6eea720b-7787-4b25-b893-a3c68d517626",
    "data": [
      {
        "text": "Namen ändern",
        "userDefined": false
      }
    ],
    "isTemplate": false,
    "count": 0,
    "updated": 1536668311
  },
  {
    "id": "0e728be9-9e71-426a-a430-724c0243ed3e",
    "data": [
      {
        "text": "Hiermit beantrage ich ",
        "userDefined": false
      },
      {
        "text": "einen",
        "meta": "@sys.ignore",
        "userDefined": false
      },
      {
        "text": " Namenswechsel",
        "userDefined": false
      }
    ],
    "isTemplate": false,
    "count": 0,
    "updated": 1536668311
  },
  {
    "id": "d9fb1432-63f2-40a7-9b3c-bd1d0b33e66d",
    "data": [
      {
        "text": "Ich möchte mich umbenennen.",
        "userDefined": false
      }
    ],
    "isTemplate": false,
    "count": 0,
    "updated": 1536668311
  }
]