[
  {
    "id": "e79ee8fb-5131-477b-ba55-47c018e59849",
    "data": [
      {
        "text": "Sprechzeit des Sprachassistenten auf ",
        "userDefined": false
      },
      {
        "text": "zwei",
        "alias": "number",
        "meta": "@sys.number",
        "userDefined": false
      },
      {
        "text": " legen",
        "userDefined": false
      }
    ],
    "isTemplate": false,
    "count": 0,
    "updated": 1536912699
  },
  {
    "id": "d86c0e4b-3507-42de-b992-56135acee1e3",
    "data": [
      {
        "text": "Lege den Timeout des Sprachassistenten auf ",
        "userDefined": false
      },
      {
        "text": "fünf",
        "alias": "number",
        "meta": "@sys.number",
        "userDefined": false
      }
    ],
    "isTemplate": false,
    "count": 0,
    "updated": 1536912699
  },
  {
    "id": "f6f59b58-8f38-4b19-a73c-ba95469a9604",
    "data": [
      {
        "text": "Setze den Kommando Timeout auf ",
        "userDefined": false
      },
      {
        "text": "drei",
        "alias": "number",
        "meta": "@sys.number",
        "userDefined": true
      }
    ],
    "isTemplate": false,
    "count": 0,
    "updated": 1536912589
  }
]