[
  {
    "id": "d94a3236-a194-49b2-b96f-89af4dc0a5d9",
    "data": [
      {
        "text": "Teller",
        "meta": "@sys.ignore",
        "userDefined": false
      },
      {
        "text": " Steuerung abgeben",
        "userDefined": false
      }
    ],
    "isTemplate": false,
    "count": 0,
    "updated": 1535640287
  },
  {
    "id": "5a77940e-2304-4c57-93c8-1508c1eff1bd",
    "data": [
      {
        "text": "Tellersteuerung beenden",
        "userDefined": false
      }
    ],
    "isTemplate": false,
    "count": 0,
    "updated": 1533916610
  },
  {
    "id": "5dde880c-f712-4306-9966-61a02cefb031",
    "data": [
      {
        "text": "Manuelle Teller Steuerung",
        "userDefined": false
      }
    ],
    "isTemplate": false,
    "count": 0,
    "updated": 1533916610
  },
  {
    "id": "0d3e6e9a-0c48-43f1-9f0f-a8b1f52e9262",
    "data": [
      {
        "text": "Lass mich den Teller balancieren",
        "userDefined": false
      }
    ],
    "isTemplate": false,
    "count": 0,
    "updated": 1533916610
  },
  {
    "id": "67a5bfbd-6be6-43eb-8d5e-adb53e94f238",
    "data": [
      {
        "text": "Teller Steuerung beenden",
        "userDefined": false
      }
    ],
    "isTemplate": false,
    "count": 0,
    "updated": 1533916610
  },
  {
    "id": "843aad7b-b2cd-4099-afbb-72936d49cd1c",
    "data": [
      {
        "text": "Ich balanciere den Teller wieder",
        "userDefined": false
      }
    ],
    "isTemplate": false,
    "count": 0,
    "updated": 1533916610
  }
]