[
  {
    "id": "f974349c-4351-48dd-8ef8-6a13c95043ca",
    "data": [
      {
        "text": "Kontext einfügen",
        "userDefined": false
      }
    ],
    "isTemplate": false,
    "count": 0,
    "updated": 1519897639
  },
  {
    "id": "67bf3fbb-8634-4ae1-a066-e040b2553844",
    "data": [
      {
        "text": "Test Kontext einfügen",
        "userDefined": false
      }
    ],
    "isTemplate": false,
    "count": 0,
    "updated": 1519897639
  },
  {
    "id": "30ea572f-c364-4d72-a1b4-1c85e6e7bdab",
    "data": [
      {
        "text": "Füge einen neuen Kontext ",
        "userDefined": false
      },
      {
        "text": "ein",
        "meta": "@sys.ignore",
        "userDefined": false
      }
    ],
    "isTemplate": false,
    "count": 0,
    "updated": 1519898376
  },
  {
    "id": "1448d6ba-3f57-4744-80c2-b07d3d8a631b",
    "data": [
      {
        "text": "Ich möchte einen neuen Kontext einfügen",
        "userDefined": false
      }
    ],
    "isTemplate": false,
    "count": 0,
    "updated": 1519897639
  }
]