[
  {
    "value": "größeren",
    "synonyms": [
      "größeren"
    ]
  },
  {
    "value": "mittel",
    "synonyms": [
      "mittel",
      "etwas",
      "ein Stück"
    ]
  },
  {
    "value": "viel",
    "synonyms": [
      "viel",
      "deutlich",
      "sehr viel",
      "stark"
    ]
  },
  {
    "value": "wenig",
    "synonyms": [
      "wenig",
      "ein kleines Stück",
      "ein kleines bisschen",
      "minimal",
      "einen Tick"
    ]
  },
  {
    "value": "leicht",
    "synonyms": [
      "leicht"
    ]
  }
]