[
  {
    "value": "Tsasselgret",
    "synonyms": [
      "Tsasselgret",
      "Julie"
    ]
  },
  {
    "value": "Schatz",
    "synonyms": [
      "Schatz",
      "Cinja",
      "Sinja",
      "Svenja"
    ]
  },
  {
    "value": "Professor",
    "synonyms": [
      "Professor",
      "Peter"
    ]
  },
  {
    "value": "Papa",
    "synonyms": [
      "Papa",
      "Arno"
    ]
  },
  {
    "value": "Mama",
    "synonyms": [
      "Mama",
      "Doris"
    ]
  },
  {
    "value": "Schachmeister",
    "synonyms": [
      "Schachmeister",
      "Daniel"
    ]
  }
]