[
  {
    "value": "Cinja",
    "synonyms": [
      "Cinja"
    ]
  },
  {
    "value": "Thorge",
    "synonyms": [
      "Thorge"
    ]
  },
  {
    "value": "Andre",
    "synonyms": [
      "Andre"
    ]
  },
  {
    "value": "Doris",
    "synonyms": [
      "Doris"
    ]
  },
  {
    "value": "Arno",
    "synonyms": [
      "Arno"
    ]
  },
  {
    "value": "Julie",
    "synonyms": [
      "Julie"
    ]
  },
  {
    "value": "Aylin",
    "synonyms": [
      "Aylin"
    ]
  },
  {
    "value": "Elias",
    "synonyms": [
      "Elias"
    ]
  },
  {
    "value": "Florine",
    "synonyms": [
      "Florine"
    ]
  },
  {
    "value": "@MapStringsToName:MapStringsToName",
    "synonyms": [
      "@MapStringsToName:MapStringsToName"
    ]
  },
  {
    "value": "@sys.given-name:given-name",
    "synonyms": [
      "@sys.given-name:given-name"
    ]
  }
]